{"name":"dcbb16d7-d36f-48c5-a92a-16a98c1c62b2","id":"/providers/Microsoft.Flow/flows/dcbb16d7-d36f-48c5-a92a-16a98c1c62b2","type":"Microsoft.Flow/flows","properties":{"apiId":"/providers/Microsoft.PowerApps/apis/shared_logicflows","displayName":"Guardado de nuevos Ingresos de Forms en OneDrive","definition":{"metadata":{"workflowEntityId":null,"processAdvisorMetadata":null,"flowChargedByPaygo":null,"flowclientsuspensionreason":"None","flowclientsuspensiontime":null,"flowclientsuspensionreasondetails":null,"creator":{"id":"4a491626-0791-40ef-a087-edbfcea34182","type":"User","tenantId":"f6a75ba9-e1a4-4885-806b-c9e72a45ffd4"},"provisioningMethod":"FromDefinition","failureAlertSubscription":true,"clientLastModifiedTime":"2025-08-24T18:35:51.5665383Z","connectionKeySavedTimeKey":"2025-09-07T02:53:02.6284206Z","creationSource":"Portal","modifiedSources":"Portal"},"$schema":"https://schema.management.azure.com/providers/Microsoft.Logic/schemas/2016-06-01/workflowdefinition.json#","contentVersion":"1.0.0.0","parameters":{"$authentication":{"defaultValue":{},"type":"SecureObject"},"$connections":{"defaultValue":{},"type":"Object"}},"triggers":{"When_a_new_response_is_submitted":{"splitOn":"@triggerOutputs()?['body/value']","type":"OpenApiConnectionWebhook","inputs":{"parameters":{"form_id":"qVun9qThhUiAa8nnKkX_1CYWSUqRB-9AoIftv86jQYJUQjRRNlRXSzQ4SkVOT0VIREpTSkMxSEhMUC4u"},"host":{"apiId":"/providers/Microsoft.PowerApps/apis/shared_microsoftforms","connectionName":"shared_microsoftforms","operationId":"CreateFormWebhook"},"authentication":"@parameters('$authentication')"}}},"actions":{"Get_response_details":{"runAfter":{},"type":"OpenApiConnection","inputs":{"parameters":{"form_id":"qVun9qThhUiAa8nnKkX_1CYWSUqRB-9AoIftv86jQYJUQjRRNlRXSzQ4SkVOT0VIREpTSkMxSEhMUC4u","response_id":"@triggerOutputs()?['body/resourceData/responseId']"},"host":{"apiId":"/providers/Microsoft.PowerApps/apis/shared_microsoftforms","connectionName":"shared_microsoftforms","operationId":"GetFormResponseById"},"authentication":"@parameters('$authentication')"}},"Compose_Header":{"runAfter":{"Get_response_details":["Succeeded"]},"type":"Compose","inputs":"Nombre(s);Apellidos;Cédula;Oficina;Cargo;Departamento;Fecha de Ingreso\n"},"Compose_Data":{"runAfter":{"Compose_Header":["Succeeded"]},"type":"Compose","inputs":"@{outputs('Get_response_details')?['body/r9075d59305114271a9ec3e36a1df40ef']};@{outputs('Get_response_details')?['body/r4fb73890b3f64ec58797e3553d999025']};@{outputs('Get_response_details')?['body/rc24cf36831d34a43abd81341634db2f0']};@{outputs('Get_response_details')?['body/r6837699cb710447088fbd72a46b77c47']};@{outputs('Get_response_details')?['body/re51b8c30449b40299694de4f23a18038']};@{outputs('Get_response_details')?['body/rc54e0af5c1024e60baa6650c6f8e2707']};@{outputs('Get_response_details')?['body/rcc58f65ca5ed44ad9837bd8c303e8a5d']}\n@{outputs('Get_response_details')?['body/r00cb488df6864c398abcef0ebb3e1227']};@{outputs('Get_response_details')?['body/r88f521b1aa184a268d4a73778429220c']};@{outputs('Get_response_details')?['body/r6d036eaf18a04ba8920e7018ae12bf73']};@{outputs('Get_response_details')?['body/rbb56d1d4ae1243edab5ede21e94f5371']};@{outputs('Get_response_details')?['body/rb45e449364ea4e69b94417b9f673f4a7']};@{outputs('Get_response_details')?['body/rb5794bbd4e2b4132b2dc8c967d5bd04c']};@{outputs('Get_response_details')?['body/r29ae93e0445b41bf8053b06d73337652']}\n@{outputs('Get_response_details')?['body/r54358ae28beb46e4bc17d108fa39413b']};@{outputs('Get_response_details')?['body/r1c2ae22dd27846d0a6f737a4017ba68c']};@{outputs('Get_response_details')?['body/r38ac3784430741d78c0eb28d847ff434']};@{outputs('Get_response_details')?['body/r2e9c4b3e5ba040de862d5ea66d8e7011']};@{outputs('Get_response_details')?['body/r17d371d761c64e109ec24049cdbcf20b']};@{outputs('Get_response_details')?['body/r4eed1f024843496abfacbc3b80e925a6']};@{outputs('Get_response_details')?['body/r8b2d288514bf4386a184d94ff3448d46']}\n@{outputs('Get_response_details')?['body/r7a80b582cf5947c78ea0f74941037486']};@{outputs('Get_response_details')?['body/rfa20f54d75394b9bbeaa352175e5e72a']};@{outputs('Get_response_details')?['body/rac55a230d41d45a593b01abad63887d8']};@{outputs('Get_response_details')?['body/rdb1c6125d91f470183f194c8e422b3e6']};@{outputs('Get_response_details')?['body/r68aaf53fbab545d89cc587d34590a373']};@{outputs('Get_response_details')?['body/r1c78518b3fd24d488146ae3ef5eb6aa7']};@{outputs('Get_response_details')?['body/r28cd0715f32148228d18bb0e233ccbee']}\n@{outputs('Get_response_details')?['body/r7363b15a737a4bf0bfea4f7fcc9f77e7']};@{outputs('Get_response_details')?['body/r8abc64018b194ca1b1883c19d3fcc1c4']};@{outputs('Get_response_details')?['body/r78ab66612a684d4cbb07135819cc2af4']};@{outputs('Get_response_details')?['body/r6712008d48c74e90a5a6290412b77de7']};@{outputs('Get_response_details')?['body/r1c76d069ae714e28bb802a89e84736e7']};@{outputs('Get_response_details')?['body/r9fcac5164c1340baa0e71f8c01791bf2']};@{outputs('Get_response_details')?['body/r2bb5b8febed641abb4d621047f3ab852']}\n@{outputs('Get_response_details')?['body/r31e85a3bc3f245bb8471178947583876']};@{outputs('Get_response_details')?['body/r03712ea87da646ce84e5dab0c53b8979']};@{outputs('Get_response_details')?['body/r0320a8fe059744f0bc53d41c5771c2ad']};@{outputs('Get_response_details')?['body/r5fd78b952f8744bfb326dbb1f0c8bd30']};@{outputs('Get_response_details')?['body/ra78248b8853948989f83d4c73dffc391']};@{outputs('Get_response_details')?['body/rcb19212ff25d48df93c9b701818cc62c']};@{outputs('Get_response_details')?['body/r64aea5e3f60149aa971fd98fa6591b22']}\n@{outputs('Get_response_details')?['body/r081582aa2c924a689f7d30c7b71b119c']};@{outputs('Get_response_details')?['body/rce300e32be2b48f891b3bfc663b93b54']};@{outputs('Get_response_details')?['body/r09a60aad6f4b4407a6efd97c82030950']};@{outputs('Get_response_details')?['body/r5d4189cd194c4e7eab9d43bd8a23a52f']};@{outputs('Get_response_details')?['body/rc6033e678b4a4640a1205e9ed271a64e']};@{outputs('Get_response_details')?['body/r66b1b402785e4fc0bfde23cf6076efdf']};@{outputs('Get_response_details')?['body/rbca6346baab148848c49a79875bbf600']}\n@{outputs('Get_response_details')?['body/r69ca9b4cf3ed4e929ff01a3d8a00d669']};@{outputs('Get_response_details')?['body/r4de7dc658c32447087a04b7a6c0ba212']};@{outputs('Get_response_details')?['body/r6c45908dcd064c34bfd32f0ad60ae5b6']};@{outputs('Get_response_details')?['body/r09e44b1f49e3411eacf5b4d3154734aa']};@{outputs('Get_response_details')?['body/r833cac9b42234ac388f3d2f4044f7df4']};@{outputs('Get_response_details')?['body/r10b328402f92449fa07f92d058c7c4f7']};@{outputs('Get_response_details')?['body/rfebffa69ba054873bc249fa67c6e82e5']}\n@{outputs('Get_response_details')?['body/ra86f36678173457db9657de5d739848f']};@{outputs('Get_response_details')?['body/r774c56f124bb4abf886e1d4a0a1fdca8']};@{outputs('Get_response_details')?['body/r71e0414d101a4ec38e4e5cbbd0fabfb3']};@{outputs('Get_response_details')?['body/rffeca4c3f2734c3a9a3d8f45d5f99933']};@{outputs('Get_response_details')?['body/r609a1d5a78954458b865de6ea2148405']};@{outputs('Get_response_details')?['body/re3ee4963589c448da65b1e73a1797a99']};@{outputs('Get_response_details')?['body/ra5f9e425c35e4c928092a5470088b20b']}\n@{outputs('Get_response_details')?['body/rcbaf4fe5cc934c3fae22b337417d2f91']};@{outputs('Get_response_details')?['body/rd7ec9411afc3427fbce16b8ce3f497d4']};@{outputs('Get_response_details')?['body/rb24035957ed948ba8e46cc5e246a649f']};@{outputs('Get_response_details')?['body/r45b6eb16a3c94655bfe4e0e5e52a0d3f']};@{outputs('Get_response_details')?['body/r5d8f7097c3cc4272878e43656af61220']};@{outputs('Get_response_details')?['body/r9b6719997b0e46ab97e0ccf5daa13c82']};@{outputs('Get_response_details')?['body/rb78f0a979a964197a947e1de4ec97abe']}\n@{outputs('Get_response_details')?['body/rf273952cc5e246e2aac0f363ce6e5614']};@{outputs('Get_response_details')?['body/ra1056cb35a1c4d98945337a42534efa1']};@{outputs('Get_response_details')?['body/rf645186d7bf2472c8a49ed48c8e4ec13']};@{outputs('Get_response_details')?['body/r861177ef38d54b45bea5c82fb9ef69c6']};@{outputs('Get_response_details')?['body/r62aa051ad07a4eef88e3470433fb6f53']};@{outputs('Get_response_details')?['body/rece7dae83a04459d89073051318b9898']};@{outputs('Get_response_details')?['body/r5d9b92eaf600454787e1dd6914302088']}\n@{outputs('Get_response_details')?['body/r188967e45c1941dfb4a2dbf1027f168c']};@{outputs('Get_response_details')?['body/rc05ca6f4211546c682ac64e861a9f065']};@{outputs('Get_response_details')?['body/r63ed69ec76a04a469bfc2033942e2026']};@{outputs('Get_response_details')?['body/rfffc990966f54fda83d3ece6b894ae47']};@{outputs('Get_response_details')?['body/rf80676005961495ea3edf10236fca47c']};@{outputs('Get_response_details')?['body/r4e80c50f411247a4bcf6108c778e353d']};@{outputs('Get_response_details')?['body/ra664791e735f430a844a6223bc979007']}\n@{outputs('Get_response_details')?['body/ra1177a3d08864615af8f7de45d808ec9']};@{outputs('Get_response_details')?['body/r76c6c666542c4bdbad68fb0f7e51beba']};@{outputs('Get_response_details')?['body/r87e2177f6cc3403293b78bc6a9b420e8']};@{outputs('Get_response_details')?['body/r20e215104a254349b4b6c1d8aca5340e']};@{outputs('Get_response_details')?['body/rfc1957b69c68461388a9bdbbc7f827fb']};@{outputs('Get_response_details')?['body/r7c49532ef5734b12b9404d8057a92636']};@{outputs('Get_response_details')?['body/r998802eadb304ab0824e6cd15fdd9147']}\n@{outputs('Get_response_details')?['body/rc7ffbf74f5724ce89fa85c500e12acc4']};@{outputs('Get_response_details')?['body/r55ad007c64464e049a38669266a4abf8']};@{outputs('Get_response_details')?['body/raf99ed33f9904d0aa658fa752df53fbf']};@{outputs('Get_response_details')?['body/r20a2093e398c4671ae9047ccb4d1dad0']};@{outputs('Get_response_details')?['body/r55e690e67a6643fcb1149b0c193825c2']};@{outputs('Get_response_details')?['body/r44f7ee3d137140c698d3c253b494cb30']};@{outputs('Get_response_details')?['body/re3f4501ccd374d84af8c1c1bd9fcf50d']}\n@{outputs('Get_response_details')?['body/rb5e9b7210fb149dfb9375aedd0cfe27f']};@{outputs('Get_response_details')?['body/re50944cdd79544819c69268a962f30e7']};@{outputs('Get_response_details')?['body/r80ce258dd4d64fb3bb4786141cd89e71']};@{outputs('Get_response_details')?['body/r2bd0c4cf58c640e9801fadc38576c65c']};@{outputs('Get_response_details')?['body/r2d04eee2467f4319adacaea2d7d6e5e3']};@{outputs('Get_response_details')?['body/rd5db4099084d45f5bbddd1e65e67a12e']};@{outputs('Get_response_details')?['body/rba77f6b25155414daaa27d4d7d7b9149']}\n@{outputs('Get_response_details')?['body/r1a81a40c3b94459f9b36d73f0973a496']};@{outputs('Get_response_details')?['body/r2b897659b7b64d0fa517a1c3627ecb11']};@{outputs('Get_response_details')?['body/r7bd929e4a38e40de816e868b32c6f5d8']};@{outputs('Get_response_details')?['body/r4ea9494b8a7a491fa00c3749c60dbed0']};@{outputs('Get_response_details')?['body/r890fa41c08a24213b43252498b50dda7']};@{outputs('Get_response_details')?['body/r8558048b98c144efb9ff48bec01ae65a']};@{outputs('Get_response_details')?['body/r1881b0a9be1c439cbc3abfd43e2b62c9']}\n@{outputs('Get_response_details')?['body/rf268712380f34fa196917e73aae6e90e']};@{outputs('Get_response_details')?['body/ra87fa9e4e80f4a3b97a1c0fa87b1b424']};@{outputs('Get_response_details')?['body/rcb0272dd47854afe8dec8188387aed62']};@{outputs('Get_response_details')?['body/r0b6dd3d8a2c042d4b48ffa80092ee8a1']};@{outputs('Get_response_details')?['body/r944836b8822c4f19a4f9df18d937f7b3']};@{outputs('Get_response_details')?['body/r1f694f4f94d842e0aae032e3e7ff8b3e']};@{outputs('Get_response_details')?['body/reaaf2c45d13b46469dc75b76b3d330a7']}\n@{outputs('Get_response_details')?['body/rd440bd36dfc14dbcbbe44d6e832ff325']};@{outputs('Get_response_details')?['body/r66bf9564caa64cc6be210b5f04ec7dd5']};@{outputs('Get_response_details')?['body/ra5ef6442f03741c79b7310b75476ee37']};@{outputs('Get_response_details')?['body/r9f337d6409d34f459c5e27c37dd53381']};@{outputs('Get_response_details')?['body/r1053b4ce2075441f8857655f34cf6304']};@{outputs('Get_response_details')?['body/r49973f2be6874e06b38796cfc551c2ac']};@{outputs('Get_response_details')?['body/r68a13fb341a04b93b801386074df46a5']}\n@{outputs('Get_response_details')?['body/re281e324b43a44b3a655729b5097c2e1']};@{outputs('Get_response_details')?['body/rb79fd128826a488ea61174d3ae4dc0ce']};@{outputs('Get_response_details')?['body/r24b4e5993db34efc96c6c744138bb26a']};@{outputs('Get_response_details')?['body/r9b0ce0e715f746db983133461c970304']};@{outputs('Get_response_details')?['body/rbcbcee54707b40cc9810e80edf3aaaf9']};@{outputs('Get_response_details')?['body/rc2b666a1c09540e28433821d6cc30e3d']};@{outputs('Get_response_details')?['body/rd43e196724984eb09807335183571b1f']}\n@{outputs('Get_response_details')?['body/rf7ba765a417142b391dd697e4d0f9d67']};@{outputs('Get_response_details')?['body/ra8eff435ce7e450aa4f537fa7ef2f23f']};@{outputs('Get_response_details')?['body/r20dbc43a24f4488d815d86b578f956a6']};@{outputs('Get_response_details')?['body/r8d3c77db823e410b965a5b3ccc7ddd15']};@{outputs('Get_response_details')?['body/rb537da28e53449a6812b858c7a1fa27d']};@{outputs('Get_response_details')?['body/r5ecdde24f4284324ab5be067522f8cd8']};@{outputs('Get_response_details')?['body/r5bd3d838bde74d9abeb5a095b98c7073']}"},"Compose_CSV":{"runAfter":{"Compose_Data":["Succeeded"]},"type":"Compose","inputs":"@concat(outputs('Compose_Header'), outputs('Compose_Data'))"},"Create_file":{"runAfter":{"Compose_CSV":["Succeeded"]},"type":"OpenApiConnection","inputs":{"parameters":{"folderPath":"/Cusezar S.A/SCRIPTs/PYTHON - Crear usuarios nuevos en AD/Create CSV New users - Power Automate/Respuestas Formulario","name":"@concat(\r\n  'Nuevos ingresos (',\r\n  formatDateTime(convertTimeZone(utcNow(), 'UTC', 'SA Pacific Standard Time'), 'dd-MM-yyyy-hh:mm:ss tt'),\r\n  ').csv'\r\n)","body":"@outputs('Compose_CSV')"},"host":{"apiId":"/providers/Microsoft.PowerApps/apis/shared_onedriveforbusiness","connectionName":"shared_onedriveforbusiness","operationId":"CreateFile"},"authentication":"@parameters('$authentication')"},"runtimeConfiguration":{"contentTransfer":{"transferMode":"Chunked"}}}},"outputs":{}},"connectionReferences":{"shared_microsoftforms":{"connectionName":"shared-microsoftform-6668f58f-18e1-47ed-bfb2-0a9a53f8dd75","source":"Embedded","id":"/providers/Microsoft.PowerApps/apis/shared_microsoftforms","tier":"NotSpecified","apiName":"microsoftforms","isProcessSimpleApiReferenceConversionAlreadyDone":false},"shared_onedriveforbusiness":{"connectionName":"c0d8a552c3fc4966b017ccb5ed199acc","source":"Embedded","id":"/providers/Microsoft.PowerApps/apis/shared_onedriveforbusiness","tier":"NotSpecified","apiName":"onedriveforbusiness","isProcessSimpleApiReferenceConversionAlreadyDone":false}},"flowFailureAlertSubscribed":false,"isManaged":false}}